,Source,Filter,Obs_number,Detected Name,Date obs,RA,DEC,Error_circle (arcsec),Position_source,nH,Mag_raw,Mag_err,Upper_limit,zp_offset,SExtractor_Flag,Astrometric_err,An_extinction,An_extinction_err,Mag_corr,Mag_err_corr,Flux (erg/s/cm2),Flux_err,F_NIR_upplim,Distance (kpc),D_errup,D_errlow,Distance_source,L_NIR,L_NIR_errup,L_NIR_errlow,L_NIR_upplim,Xray_Flux (erg/s/cm2),Xray_errup,Xray_errlow,Xray_upplim,Xray_Flux_source,L_X,L_X_errup,L_X_errlow,L_X_upplim,Comments
0,RX_J1735.3-3540,J,3081,S,2014-05-07,17 35 23.75,-35 40 16.1,0.56,"Israel+2008, UVOT",5.76e+21,15.005684,0.0065879184,,-0.2332312953,3.0,0.165407785,0.9074413408,0.01520851409,14.3314741,0.01687038154,2.96e-12,1.79e-14,,9.5,,,Degenaar+2010,3.1963172310636796e+34,,,,2e-11,5e-12,5e-12,,Thesis Bilal 2018,2.1596738047727563e+35,,,,
1,RX_J1735.3-3540,J,3090,S,2014-05-07,17 35 23.75,-35 40 16.1,0.56,"Israel+2008, UVOT",5.76e+21,15.193452,0.0069119334,,-0.09230352592,3.0,0.1578076406,0.9074413408,0.01520851409,14.37831382,0.01690025249,2.83e-12,1.8e-14,,9.5,,,Degenaar+2010,3.05593843375345e+34,,,,2e-11,5e-12,5e-12,,Thesis Bilal 2018,2.1596738047727563e+35,,,,
2,RX_J1735.3-3540,H,3063,S,2014-05-07,17 35 23.75,-35 40 16.1,0.56,"Israel+2008, UVOT",5.76e+21,11.520804,0.005020459,,-2.642213306,3.0,0.2269178702,0.5631284916,0.009437907681,13.59988878,0.01151984938,4.25e-12,1.97e-14,,9.5,,,Degenaar+2010,4.589306835142108e+34,,,,2e-11,5e-12,5e-12,,Thesis Bilal 2018,2.1596738047727563e+35,,,,Initially very large magnitude offset but seems okay after magnitude calibration
3,RX_J1735.3-3540,H,3072,S,2014-05-07,17 35 23.75,-35 40 16.1,0.56,"Israel+2008, UVOT",5.76e+21,12.898906,0.0050091133,,-1.100972431,3.0,0.2379024626,0.5631284916,0.009437907681,13.43674944,0.01172033115,4.94e-12,2.28e-14,,9.5,,,Degenaar+2010,5.334394297788709e+34,,,,2e-11,5e-12,5e-12,,Thesis Bilal 2018,2.1596738047727563e+35,,,,Initially large magnitude offset but seems okay after magnitude calibration
4,RX_J1735.3-3540,Ks,3045,S,2014-05-07,17 35 23.75,-35 40 16.1,0.56,"Israel+2008, UVOT",5.76e+21,12.577108,0.005271042,,-1.016910098,3.0,0.2142712848,0.3604022346,0.006040260916,13.2336167,0.00975892102,3.86e-12,1.87e-14,,9.5,,,Degenaar+2010,4.1681704432114205e+34,,,,2e-11,5e-12,5e-12,,Thesis Bilal 2018,2.1596738047727563e+35,,,,Initially large magnitude offset but seems okay after magnitude calibration
5,RX_J1735.3-3540,Ks,3054,S,2014-05-07,17 35 23.75,-35 40 16.1,0.6,"Israel+2008, UVOT",5.76e+21,11.780809,0.005404328,,-1.933734593,3.0,0.1862397572,0.3604022346,0.006040260916,13.35414206,0.009404964203,3.45e-12,1.72e-14,,9.5,,,Degenaar+2010,3.725437313233005e+34,,,,2e-11,5e-12,5e-12,,Thesis Bilal 2018,2.1596738047727563e+35,,,,Initially very large magnitude offset but seems okay after magnitude calibration & used error circle of 0.6 instead of 0.56 to include source
6,UW_Crb,Ks,1081,S,2018-06-19,16 05 45.8746697208,25 51 45.246497976,0.1,"Gaia Collaboration 2020, Gaia",4.2e+20,19.13562,0.12863089,,0.01200971669,0.0,0.3165047671,0.02627932961,0.0004404356918,19.09733021,0.1298499879,1.74e-14,2.06e-15,,,,,,,,,,1.2e-11,,,,Jonker+2003,,,,,Did astronomy with GDR3 sources within 5' instead of 1' because very empty field so otherwise astrometry determined by only ~4 GDR sources
7,UW_Crb,H,1086,S,2018-06-19,16 05 45.8746697208,25 51 45.246497976,0.1,"Gaia Collaboration 2020, Gaia",4.2e+20,19.830853,0.09587682,,-0.0009202942551,0.0,0.4138715746,0.04106145251,0.0006881807684,19.7907104,0.09637936362,1.42e-14,1.25e-15,,,,,,,,,,1.2e-11,,,,Jonker+2003,,,,,Did astronomy with GDR3 sources within 5' instead of 1' because very empty field so otherwise astrometry determined by only ~4 GDR sources
8,UW_Crb,J,1091,S,2018-06-19,16 05 45.8746697208,25 51 45.246497976,0.1,"Gaia Collaboration 2020, Gaia",4.2e+20,19.893389,0.062430993,,-0.0234973225,0.0,0.3517414173,0.06616759777,0.001108954152,19.85071778,0.06306966683,1.83e-14,1.05e-15,,,,,,,,,,1.2e-11,,,,Jonker+2003,,,,,Did astronomy with GDR3 sources within 5' instead of 1' because very empty field so otherwise astrometry determined by only ~4 GDR sources
9,4U_1822-00,Ks,1170,S,2018-06-19,18 25 22.020,-00 00 43.00,0.6,"Juett&Chakrabarty 2005, Chandra",3.36e+21,18.173767,0.045503363,,-0.04249080554,0.0,0.06444338825,0.2102346369,0.003523485534,18.00602246,0.04598160065,4.76e-14,1.99e-15,,6.3,2.0,2.0,Shahbaz+2007,2.2604713449440998e+32,1.0192442694277066e+32,1.0192442694277066e+32,,,,,,Asai+2022,,,,,
10,4U_1822-00,H,1175,S,2018-06-19,18 25 22.020,-00 00 43.00,0.6,"Juett&Chakrabarty 2005, Chandra",3.36e+21,18.651814,0.03230782,,-0.0474167842,0.0,0.0948781153,0.3284916201,0.005505446147,18.37073857,0.03302792282,5.25e-14,1.56e-15,,6.3,2.0,2.0,Shahbaz+2007,2.493166924570698e+32,1.1217728704600186e+32,1.1217728704600186e+32,,,,,,Asai+2022,,,,,
11,4U_1822-00,J,1180,S,2018-06-19,18 25 22.020,-00 00 43.00,0.6,"Juett&Chakrabarty 2005, Chandra",3.36e+21,19.410662,0.037624422,,-0.03046061547,0.0,0.1085585528,0.5293407821,0.00887163322,18.91178127,0.03875201065,4.35e-14,1.51e-15,,6.3,2.0,2.0,Shahbaz+2007,2.0657668803585784e+32,9.302079080944951e+31,9.302079080944951e+31,,,,,,Asai+2022,,,,,
12,XTE_J1719-291,Ks,704,,2013-06-18,17 19 17.18,-29 04 10.0,0.2,"Greiner+2008, Chandra",3.01e+21,,,18.50807784,-0.09501998114,,0.3464991893,0.1883351955,0.003156455791,,,,,2.9945610785469664e-14,8.0,,,,,,,2.293105859059922e+32,,,,1.1e-13,Padilla+2011,,,,8.4233260862051e+32,"Distortion does not look amazing, see finding chart, but we do have the other Ks observation which looks good. & astrometric offset"
13,XTE_J1719-291,H,714,,2013-06-18,17 19 17.18,-29 04 10.0,0.2,"Greiner+2008, Chandra",3.01e+21,,,18.76324426,-0.06050480177,,0.3220576645,0.294273743,0.004931962173,,,,,3.6604005123412084e-14,8.0,,,,,,,2.8029770110511102e+32,,,,1.1e-13,Padilla+2011,,,,8.4233260862051e+32,Astrometric offset
14,2S_0918-549,J,3126,S,2018-11-13,09 20 26.4818170056,-55 12 24.512806404,0.1,"Gaia Collaboration 2020, Gaia",5.29e+21,15.759552,0.018297242,,-0.02316887179,1.0,0.4282440115,0.833396648,0.01396754159,14.94932392,0.02325132205,1.67e-12,2.82e-14,,5.4,,,in 't Zand+2005,5.826596521095838e+33,,,,3.64e-10,2.3e-12,2.3e-12,,Build swift XRT products,1.2699887028017275e+36,,,,
15,2S_0918-549,J,3128,S,2018-11-13,09 20 26.4818170056,-55 12 24.512806404,0.3,"Gaia Collaboration 2020, Gaia",5.29e+21,15.539142,0.006594987,,-0.04630006395,0.0,0.2530668323,0.833396648,0.01396754159,14.75204494,0.01565214278,2.01e-12,1.22e-14,,5.4,,,in 't Zand+2005,7.012849705031518e+33,,,,3.64e-10,2.3e-12,2.3e-12,,Build swift XRT products,1.2699887028017275e+36,,,,Astronomy not great so used error circle of 0.3 instead of 0.1 to include source
16,2S_0918-549,H,3133,S,2018-11-13,09 20 26.4818170056,-55 12 24.512806404,0.3,"Gaia Collaboration 2020, Gaia",5.29e+21,15.088455,0.008751974,,-0.04129475527,0.0,0.2353456654,0.5171787709,0.00866780063,14.61257148,0.01271443066,1.67e-12,1.35e-14,,5.4,,,in 't Zand+2005,5.826596521095838e+33,,,,3.64e-10,2.3e-12,2.3e-12,,Build swift XRT products,1.2699887028017275e+36,,,,Astronomy not great so used error circle of 0.3 instead of 0.1 to include source
17,2S_0918-549,Ks,3138,S,2018-11-13,09 20 26.4818170056,-55 12 24.512806404,0.1,"Gaia Collaboration 2020, Gaia",5.29e+21,15.0787,0.010139113,,-0.02830918406,2.0,0.2816641399,0.3309944134,0.005547392403,14.77601452,0.01227089855,9.31e-13,8.7e-15,,5.4,,,in 't Zand+2005,3.248240336012111e+33,,,,3.64e-10,2.3e-12,2.3e-12,,Build swift XRT products,1.2699887028017275e+36,,,,
18,EXO_0748-676,J,2836,S,2014-05-08,07 48 33.70944,-67 45 07.722,0.2,"Monet+2003, PMM",8.97e+20,20.905659,0.09417507,,-0.01983599945,0.0,0.2705484687,0.1413150838,0.002368409226,20.78418006,0.0944081974,7.75e-15,6.73e-16,,7.4,0.9,0.9,Galloway+2008,5.077805905858781e+31,9.783786863106515e+30,9.783786863106515e+30,,5e-13,1.5e-13,1.5e-13,,Thesis Bilal 2018,3.276003810231472e+33,1.1328705273736467e+33,1.1328705273736467e+33,,Did astronomy with GDR3 sources within 5' instead of 1' because very empty field so otherwise astrometry determined by only ~5 GDR sources
19,EXO_0748-676,H,2827,S,2014-05-08,07 48 33.70944,-67 45 07.722,0.2,"Monet+2003, PMM",8.97e+20,20.021292,0.100277275,,0.01104126314,0.0,0.3053883816,0.08769553073,0.001469757498,19.92255456,0.1009094598,1.26e-14,1.16e-15,,7.4,0.9,0.9,Galloway+2008,8.255529601783308e+31,1.6105546852930722e+31,1.6105546852930722e+31,,5e-13,1.5e-13,1.5e-13,,Thesis Bilal 2018,3.276003810231472e+33,1.1328705273736467e+33,1.1328705273736467e+33,,Did astronomy with GDR3 sources within 5' instead of 1' because very empty field so otherwise astrometry determined by only ~5 GDR sources
20,EXO_0748-676,Ks,2818,S,2014-05-08,07 48 33.70944,-67 45 07.722,0.3,"Monet+2003, PMM",8.97e+20,19.911205,0.15914378,,0.01776262676,0.0,0.3163508295,0.05612513966,0.0009406447989,19.83731701,0.1600279965,8.8e-15,1.29e-15,,7.4,0.9,0.9,Galloway+2008,5.76576670600739e+31,1.3030190406590981e+31,1.3030190406590981e+31,,5e-13,1.5e-13,1.5e-13,,Thesis Bilal 2018,3.276003810231472e+33,1.1328705273736467e+33,1.1328705273736467e+33,,Did astronomy with GDR3 sources within 5' instead of 1' because very empty field so otherwise astrometry determined by only ~5 GDR sources & used error circle of 0.3 instead of 0.1 to include source
21,EXO_0748-676,J,3080,,2018-11-13,07 48 33.70944,-67 45 07.722,0.2,"Monet+2003, PMM",8.97e+20,,,21.732403,-0.02857053304,,0.1736509813,0.1413150838,0.002368409226,,,,,3.2377630581811102e-15,7.4,0.9,0.9,Galloway+2008,,,,2.121384823045604e+31,5e-13,1.5e-13,1.5e-13,,Thesis Bilal 2018,3.276003810231472e+33,1.1328705273736467e+33,1.1328705273736467e+33,,Did astronomy with GDR3 sources within 5' instead of 1' because very empty field so otherwise astrometry determined by only ~5 GDR sources
22,EXO_0748-676,H,3090,,2018-11-13,07 48 33.70944,-67 45 07.722,0.2,"Monet+2003, PMM",8.97e+20,,,20.82067544,-0.02439547922,,0.233676069,0.08769553073,0.001469757498,,,,,5.5024503876567084e-15,7.4,0.9,0.9,Galloway+2008,,,,3.605209687114603e+31,5e-13,1.5e-13,1.5e-13,,Thesis Bilal 2018,3.276003810231472e+33,1.1328705273736467e+33,1.1328705273736467e+33,,Did astronomy with GDR3 sources within 5' instead of 1' because very empty field so otherwise astrometry determined by only ~5 GDR sources
23,EXO_0748-676,Ks,3095,,2018-11-13,07 48 33.70944,-67 45 07.722,0.2,"Monet+2003, PMM",8.97e+20,,,20.4732919,-0.01198651696,,0.1964168965,0.05612513966,0.0009406447989,,,,,4.900580770961312e-15,7.4,0.9,0.9,Galloway+2008,,,,3.210864255603268e+31,5e-13,1.5e-13,1.5e-13,,Thesis Bilal 2018,3.276003810231472e+33,1.1328705273736467e+33,1.1328705273736467e+33,,Did astronomy with GDR3 sources within 5' instead of 1' because very empty field so otherwise astrometry determined by only ~5 GDR sources
24,XSS_J12270-4859,J,2845,S,2014-05-08,12 27 58.7476831466,-48 53 42.824592947,0.1,"Gaia Collaboration 2020, Gaia",1.07e+21,17.166628,0.012503633,,0.02348801294,3.0,0.3376464014,0.1685698324,0.002825192722,16.97457096,0.01671835432,2.59e-13,2.98e-15,,1.37,0.69,0.15,de Martino+2020,5.816367683778939e+31,4.143353902367761e+31,9.030945794256821e+30,,3e-13,2e-13,2e-13,,Thesis Bilal 2018,6.73710542522657e+31,6.572633712194075e+31,4.610957586484322e+31,,
25,XSS_J12270-4859,H,2854,S,2014-05-08,12 27 58.7476831466,-48 53 42.824592947,0.1,"Gaia Collaboration 2020, Gaia",1.07e+21,16.570377,0.012664714,,-0.03862531407,2.0,0.1416770626,0.1046089385,0.001753222434,16.50439413,0.01604450499,2.93e-13,3.42e-15,,1.37,0.69,0.15,de Martino+2020,6.579906298637951e+31,4.68728691628827e+31,1.0217293350510581e+31,,3e-13,2e-13,2e-13,,Thesis Bilal 2018,6.73710542522657e+31,6.572633712194075e+31,4.610957586484322e+31,,
26,XSS_J12270-4859,Ks,2864,S,2014-05-08,12 27 58.7476831466,-48 53 42.824592947,0.2,"Gaia Collaboration 2020, Gaia",1.07e+21,16.448586,0.01703421,,-0.06096642009,2.0,0.1927944551,0.06694972067,0.001122062358,16.44260228,0.01938678483,2.01e-13,3.15e-15,,1.37,0.69,0.15,de Martino+2020,4.513860634901802e+31,3.215857267239882e+31,7.025009488065978e+30,,3e-13,2e-13,2e-13,,Thesis Bilal 2018,6.73710542522657e+31,6.572633712194075e+31,4.610957586484322e+31,,
27,IGR_J1706.2-6143,J,2982,S,2014-05-08,17 06 16.3,-61 42 40.5,0.3,"Ricci+2008, UVOT",1.02e+21,19.79739733,0.05942994518,,0.0005247648385,,0.2752227556,0.1606927374,0.00269317437,19.63617983,0.05966605269,2.23e-14,1.23e-15,,7.3,0.5,0.5,Keek+2017,1.421875390779161e+32,1.5849231493315553e+31,1.5849231493315553e+31,,2.35e-10,1.1e-12,1.1e-12,,Build swift XRT products,1.4983888647224344e+36,1.4530922000001999e+35,1.4530922000001999e+35,,Applied PSF & Astrometric offset
28,IGR_J1706.2-6143,J,3000,S,2014-05-08,17 06 16.3,-61 42 40.5,0.3,"Ricci+2008, UVOT",1.02e+21,19.81607156,0.02375544399,,-0.02306787337,,0.2533317281,0.1606927374,0.00269317437,19.67844669,0.02425994923,2.15e-14,4.8e-16,,7.3,0.5,0.5,Keek+2017,1.3708664081503122e+32,1.3626891316823373e+31,1.3626891316823373e+31,,2.35e-10,1.1e-12,1.1e-12,,Build swift XRT products,1.4983888647224344e+36,1.4530922000001999e+35,1.4530922000001999e+35,,Applied PSF & Small astrometric offset 
29,IGR_J1706.2-6143,H,3018,S,2014-05-08,17 06 16.3,-61 42 40.5,0.3,"Ricci+2008, UVOT",1.02e+21,19.70588507,0.08975067677,,-0.01343227184,,0.1432983856,0.09972067039,0.001671296152,19.61959668,0.08987146088,1.66e-14,1.38e-15,,7.3,0.5,0.5,Keek+2017,1.0584363895486132e+32,1.3510575028162347e+31,1.3510575028162347e+31,,2.35e-10,1.1e-12,1.1e-12,,Build swift XRT products,1.4983888647224344e+36,1.4530922000001999e+35,1.4530922000001999e+35,,Applied PSF 
30,IGR_J1706.2-6143,H,3009,S,2014-05-08,17 06 16.3,-61 42 40.5,0.3,"Ricci+2008, UVOT",1.02e+21,19.69745697,0.04875133974,,0.01140303454,,0.2524843774,0.09972067039,0.001671296152,19.58633326,0.04918589662,1.72e-14,7.77e-16,,7.3,0.5,0.5,Keek+2017,1.0966931265202496e+32,1.1721464897972454e+31,1.1721464897972454e+31,,2.35e-10,1.1e-12,1.1e-12,,Build swift XRT products,1.4983888647224344e+36,1.4530922000001999e+35,1.4530922000001999e+35,,Applied PSF & Small astrometric offset
31,IGR_J1706.2-6143,Ks,3027,S,2014-05-08,17 06 16.3,-61 42 40.5,0.3,"Ricci+2008, UVOT",1.02e+21,19.44067741,0.1540519926,,-0.05480315726,,0.1322897107,0.06382122905,0.001069629537,19.43165934,0.1542437578,1.28e-14,1.82e-15,,7.3,0.5,0.5,Keek+2017,8.161437220615812e+31,1.4041445829987503e+31,1.4041445829987503e+31,,2.35e-10,1.1e-12,1.1e-12,,Build swift XRT products,1.4983888647224344e+36,1.4530922000001999e+35,1.4530922000001999e+35,,Applied PSF
32,IGR_J1706.2-6143,Ks,3036,S,2014-05-08,17 06 16.3,-61 42 40.5,0.3,"Ricci+2008, UVOT",1.02e+21,19.43169594,0.07463862438,,-0.06603949498,,0.07162096118,0.06382122905,0.001069629537,19.43391421,0.07509997864,1.28e-14,8.83e-16,,7.3,0.5,0.5,Keek+2017,8.161437220615812e+31,9.705409901925071e+30,9.705409901925071e+30,,2.35e-10,1.1e-12,1.1e-12,,Build swift XRT products,1.4983888647224344e+36,1.4530922000001999e+35,1.4530922000001999e+35,,Applied PSF & Astrometric offset
33,IGR_J1706.2-6143,H,176,S,2013-06-17,17 06 16.3,-61 42 40.5,0.3,"Ricci+2008, UVOT",1.02e+21,20.06793144,0.1880952643,,-0.03998041997,,0.2077787938,0.09972067039,0.001671296152,20.00819119,0.1882363559,1.16e-14,2.02e-15,,7.3,0.5,0.5,Keek+2017,7.39630248118308e+31,1.473826110293538e+31,1.473826110293538e+31,,2.35e-10,1.1e-12,1.1e-12,,Build swift XRT products,1.4983888647224344e+36,1.4530922000001999e+35,1.4530922000001999e+35,,Applied PSF & Astrometric offset
34,IGR_J1706.2-6143,H,181,S,2013-06-17,17 06 16.3,-61 42 40.5,0.3,"Ricci+2008, UVOT",1.02e+21,19.67816032,0.08105768865,,-0.05072114332,,0.06597378816,0.09972067039,0.001671296152,19.62916079,0.08120376868,1.65e-14,1.23e-15,,7.3,0.5,0.5,Keek+2017,1.052060266720007e+32,1.2859106816961173e+31,1.2859106816961173e+31,,2.35e-10,1.1e-12,1.1e-12,,Build swift XRT products,1.4983888647224344e+36,1.4530922000001999e+35,1.4530922000001999e+35,,Applied PSF
35,IGR_J1706.2-6143,J,191,S,2013-06-17,17 06 16.3,-61 42 40.5,0.3,"Ricci+2008, UVOT",1.02e+21,19.75709336,0.07472362949,,-0.1602068885,,0.06148076333,0.1606927374,0.00269317437,19.75660752,0.07484319231,2e-14,1.38e-15,,7.3,0.5,0.5,Keek+2017,1.2752245657212207e+32,1.5165858931797765e+31,1.5165858931797765e+31,,2.35e-10,1.1e-12,1.1e-12,,Build swift XRT products,1.4983888647224344e+36,1.4530922000001999e+35,1.4530922000001999e+35,,Applied PSF
36,IGR_J1706.2-6143,Ks,196,S,2013-06-17,17 06 16.3,-61 42 40.5,0.3,"Ricci+2008, UVOT",1.02e+21,19.0123327,0.09255208815,,-0.1564262652,,0.06133340057,0.06382122905,0.001069629537,19.10493774,0.09281349825,1.65e-14,1.89e-15,,7.3,0.5,0.5,Keek+2017,1.052060266720007e+32,1.5782055802924692e+31,1.5782055802924692e+31,,2.35e-10,1.1e-12,1.1e-12,,Build swift XRT products,1.4983888647224344e+36,1.4530922000001999e+35,1.4530922000001999e+35,,Applied PSF
37,IGR_J17494-3030,Ks,3162,,2014-05-08,17 49 23.61,-30 29 59.1,0.15,"van den Eijnden+2020, VLA",6.72e+21,,,16.4147358,-0.3518856457,,0.2890244676,0.4204692737,0.007046971068,,,,,2.059064692163526e-13,8.0,,,,,,,1.5767430304259e+33,,,,,,,,,,Used low_lim = 12 for magnitude calibration because otherwise only 3 sources used. We do detect a source in the Chandra error circle but not in VLA but this is unlikely to be our source because too bright
38,MAXI_J1305-704,Ks,458,S,2013-06-17,13 06 55.300,-70 27 05.11,0.07,"Coriat+2012, ACTA",2.08e+21,17.515215,0.10421792,,0.01667932358,0.0,0.04346682233,0.1301452514,0.002181205331,17.3683899,0.10440262,8.55e-14,8.21e-15,,7.5,1.8,1.4,Mata Sánchez+2021,5.75439401929583e+32,2.02976403333862e+32,1.6164560956511946e+32,,,,,1.24e-11,Build swift XRT products,,,,8.345553899329625e+34,
39,MAXI_J1305-704,H,468,S,2013-06-17,13 06 55.300,-70 27 05.11,0.14,"Coriat+2012, ACTA",2.08e+21,17.372196,0.17712756,,-0.02002261353,0.0,0.06764173314,0.2033519553,0.003408133329,17.18886759,0.1771955248,1.56e-13,2.55e-14,,7.5,1.8,1.4,Mata Sánchez+2021,1.0499245228188882e+33,3.9552995770618436e+32,3.2599871286490914e+32,,,,,1.24e-11,Build swift XRT products,,,,8.345553899329625e+34,Used extra error circle of 0.14 instead of 0.07 to include source
40,MAXI_J1305-704,H,473,S,2013-06-17,13 06 55.300,-70 27 05.11,0.14,"Coriat+2012, ACTA",2.08e+21,17.638039,0.04395017,,-0.01762016272,3.0,0.07031286759,0.2033519553,0.003408133329,17.45230677,0.04425100037,1.22e-13,4.96e-15,,7.5,1.8,1.4,Mata Sánchez+2021,8.210948191275922e+32,2.806810153686484e+32,2.193134546100441e+32,,,,,1.24e-11,Build swift XRT products,,,,8.345553899329625e+34,Increased error circle to 0.14 instead of 0.07 to include source
41,MAXI_J1305-704,J,478,S,2013-06-17,13 06 55.300,-70 27 05.11,0.07,"Coriat+2012, ACTA",2.08e+21,18.082226,0.085612305,,-0.04301413889,0.0,0.06196603007,0.3276871508,0.005491963422,17.79755318,0.08585191833,1.21e-13,9.57e-15,,7.5,1.8,1.4,Mata Sánchez+2021,8.143645337249069e+32,2.8380968756263275e+32,2.244224664861699e+32,,,,,1.24e-11,Build swift XRT products,,,,8.345553899329625e+34,
42,MAXI_J1305-704,J,483,S,2013-06-17,13 06 55.300,-70 27 05.11,0.14,"Coriat+2012, ACTA",2.08e+21,18.26209,0.018808752,,-0.0433019183,3.0,0.06417418547,0.3276871508,0.005491963422,17.97770607,0.01999193422,1.03e-13,1.78e-15,,7.5,1.8,1.4,Mata Sánchez+2021,6.932193964765737e+32,2.355912540021922e+32,1.8339228989504623e+32,,,,,1.24e-11,Build swift XRT products,,,,8.345553899329625e+34,Increased error circle to 0.14 instead of 0.07 to include source
43,IGR_J17091-3624,H,3730,S,2014-05-10,17 09 7.61,-36 24 25.7,0.6,"Bodaghee+2012, Chandra",5.81e+21,16.471195,0.016173203,,-0.1219688861,3.0,0.1262354633,0.5680167598,0.009519833963,16.02514768,0.01900264688,4.56e-13,6.79e-15,,14.0,3.0,3.0,Rodriguez+2011,1.0693795344895836e+34,3.2446190572867956e+33,3.2446190572867956e+33,,1.36e-13,3.4e-14,3.9e-14,,Wijnands+2012,3.1893775590040213e+33,1.2529697553230083e+33,1.3306652360617217e+33,,"There is also a radio position (17 09 7.61 -36 24 25.7, error=0.1"") but it does not [erfect;u overlap with centroid: Rodriguez+2011, ACTA"
44,IGR_J17091-3624,Ks,3739,S,2014-05-10,17 09 7.61,-36 24 25.7,0.6,"Bodaghee+2012, Chandra",5.81e+21,16.194166,0.019851277,,-0.0651388826,3.0,0.1492285362,0.3635307263,0.006092693736,15.89577523,0.02101378723,3.32e-13,6.07e-15,,14.0,3.0,3.0,Rodriguez+2011,7.785833452862758e+33,2.3637540018424838e+33,2.3637540018424838e+33,,1.36e-13,3.4e-14,3.9e-14,,Wijnands+2012,3.1893775590040213e+33,1.2529697553230083e+33,1.3306652360617217e+33,,"There is also a radio position (17 09 7.61 -36 24 25.7, error=0.1"") but it does not [erfect;u overlap with centroid: Rodriguez+2011, ACTA"
45,MXB_1659-28,H,684,S,2013-06-18,17 02 06.54 ,-29 56 44.1,0.3,"Wijnands+2003, Chandra",1.74e+21,19.824308,0.10696019,,-0.02082293031,1.0,0.1342853361,0.1701117318,0.002851034612,19.67501919,0.1070415159,1.58e-14,1.56e-15,,12.0,3.0,3.0,Galloway+2008,2.7222658396781025e+32,9.992919821132357e+31,9.992919821132357e+31,,1.1e-14,4e-15,4e-15,,Parikh+2019,1.8952483693961475e+32,9.612317925082945e+31,9.612317925082945e+31,,
46,MXB_1659-28,Ks ,694,S,2013-06-18,17 02 06.54 ,-29 56 44.1,0.3,"Wijnands+2003, Chandra",1.74e+21,19.395103,0.12524414,,-0.05045160709,1.0,0.1284012338,0.1088715084,0.001824662152,19.33668322,0.1253150507,1.4e-14,1.61e-15,,12.0,3.0,3.0,Galloway+2008,2.412134288322369e+32,8.967983106567866e+31,8.967983106567866e+31,,1.1e-14,4e-15,4e-15,,Parikh+2019,1.8952483693961475e+32,9.612317925082945e+31,9.612317925082945e+31,,
47,MXB_1659-28,Ks,3712,S,2014-05-10,17 02 06.54 ,-29 56 44.1,0.3,"Wijnands+2003, Chandra",1.74e+21,19.38443,0.19684346,,-0.05265434535,0.0,0.1311253509,0.1088715084,0.001824662152,19.32821269,0.1968896328,1.41e-14,2.55e-15,,12.0,3.0,3.0,Galloway+2008,2.429363818953243e+32,9.64757563603662e+31,9.64757563603662e+31,,1.1e-14,4e-15,4e-15,,Parikh+2019,1.8952483693961475e+32,9.612317925082945e+31,9.612317925082945e+31,,
48,MXB_1659-28,H,3721,S,2014-05-10,17 02 06.54 ,-29 56 44.1,0.3,"Wijnands+2003, Chandra",1.74e+21,19.552694,0.09876649,,-0.0377332143,1.0,0.1108476003,0.1701117318,0.002851034612,19.42031567,0.09885889706,2e-14,1.82e-15,,12.0,3.0,3.0,Galloway+2008,3.4459061261748134e+32,1.2580200517646594e+32,1.2580200517646594e+32,,1.1e-14,4e-15,4e-15,,Parikh+2019,1.8952483693961475e+32,9.612317925082945e+31,9.612317925082945e+31,,
49,Swift_J1910.2-0546,Ks,819,S,2013-06-18,19 10 22.79,-05 47 56.4,1.3,"Rau+2012, GROND",2.24e+21,14.774146,0.011517805,,-0.03722545917,0.0,0.09362722852,0.1401564246,0.002348990356,14.67121538,0.01269178524,1.03e-12,1.09e-14,,6.9,,,Reis+2013,5.86740897177772e+33,,,,2.5e-12,7e-13,4e-13,,Build swift XRT products,1.4241283912081843e+34,,,,"These two Ks observations from 2013 are much brighter than H and J observations from 2014, are both in quiscence "
50,Swift_J1910.2-0546,Ks,824,S,2013-06-18,19 10 22.79,-05 47 56.4,1.3,"Rau+2012, GROND",2.24e+21,14.735732,0.006016995,,-0.05480362141,2.0,0.3752884533,0.1401564246,0.002348990356,14.6503795,0.008387558346,1.05e-12,5.8e-15,,6.9,,,Reis+2013,5.981339243074375e+33,,,,2.5e-12,7e-13,4e-13,,Build swift XRT products,1.4241283912081843e+34,,,,Small astrometric offset
51,Swift_J1910.2-0546,H,3442,S2,2014-05-09,19 10 22.79,-05 47 56.4,1.3,"Rau+2012, GROND",2.24e+21,17.67534,0.018099366,,-0.03474697724,3.0,0.232920893,0.2189944134,0.003670297431,17.49109241,0.01915281207,1.18e-13,1.97e-15,,6.9,,,Reis+2013,6.721886006502631e+32,,,,1.17e-14,1.25e-14,2e-16,,Thesis Maria ,6.664920870854303e+31,,,,"Also another source within error circle (see our finder chart), but can identify correct source with this finder chart & small astrometric offset"
52,Swift_J1910.2-0546,H,3451,S2,2014-05-09,19 10 22.79,-05 47 56.4,1.3,"Rau+2012, GROND",2.24e+21,17.60729,0.03690191,,-0.04268048823,3.0,0.2825139143,0.2189944134,0.003670297431,17.43097659,0.03733704906,1.25e-13,4.24e-15,,6.9,,,Reis+2013,7.120641956040923e+32,,,,1.17e-14,1.25e-14,2e-16,,Thesis Maria ,6.664920870854303e+31,,,,"Also another source within error circle (see our finder chart), but can identify correct source with this finder chart & small astrometric offset"
53,Swift_J1910.2-0546,J,3460,S2,2014-05-09,19 10 22.79,-05 47 56.4,1.3,"Rau+2012, GROND",2.24e+21,18.389482,0.036114354,,-0.05149970702,3.0,0.3781391836,0.3528938547,0.005914422147,18.08808896,0.0367056989,9.29e-14,3.09e-15,,6.9,,,Reis+2013,5.2920611017296134e+32,,,,1.17e-14,1.25e-14,2e-16,,Thesis Maria ,6.664920870854303e+31,,,,"Also another source within error circle (see our finder chart), but can identify correct source with this finder chart & small astrometric offset"
54,Swift_J1910.2-0546,J,3469,S2,2014-05-09,19 10 22.79,-05 47 56.4,1.3,"Rau+2012, GROND",2.24e+21,18.274178,0.02028138,,-0.03604067658,3.0,0.1562604396,0.3528938547,0.005914422147,17.95732496,0.02125108188,1.05e-13,1.96e-15,,6.9,,,Reis+2013,5.981339243074374e+32,,,,1.17e-14,1.25e-14,2e-16,,Thesis Maria ,6.664920870854303e+31,,,,"Also another source within error circle (see our finder chart), but can identify correct source with this finder chart "
55,GX_339-4,H,156,S,2013-06-17,17 02 49.3876391282,-48 47 23.087954552,0.1,"Gaia Collaboration 2020, Gaia",3.89e+21,16.210688,0.013939727,,-0.1221293397,3.0,0.1305987725,0.3803072626,0.006373864736,15.95250982,0.01573380673,4.87e-13,6.26e-15,,10.0,2.0,2.0,Zdziarski+2019,5.826931539746995e+33,1.6498062289729918e+33,1.6498062289729918e+33,,5.5e-13,2.83e-14,2.5e-14,,Plotkin+2013,6.580723504847734e+33,1.8918586675601802e+33,1.8851919777357937e+33,,
56,GX_339-4,H,161,S,2013-06-17,17 02 49.3876391282,-48 47 23.087954552,0.1,"Gaia Collaboration 2020, Gaia",3.89e+21,16.543966,0.031216985,,-0.03029586415,3.0,0.08350298417,0.3803072626,0.006373864736,16.19395536,0.03194305806,3.9e-13,1.12e-14,,10.0,2.0,2.0,Zdziarski+2019,4.6663312125283936e+33,1.3266234425265167e+33,1.3266234425265167e+33,,5.5e-13,2.83e-14,2.5e-14,,Plotkin+2013,6.580723504847734e+33,1.8918586675601802e+33,1.8851919777357937e+33,,
57,GX_339-4,H,524,S,2013-06-18,17 02 49.3876391282,-48 47 23.087954552,0.1,"Gaia Collaboration 2020, Gaia",3.89e+21,16.086811,0.0093679335,,-0.05839127319,3.0,0.1170770385,0.3803072626,0.006373864736,15.76489537,0.0119465952,5.79e-13,5e-15,,10.0,2.0,2.0,Zdziarski+2019,6.927707107830615e+33,1.9603645231324978e+33,1.9603645231324978e+33,,5.5e-13,2.83e-14,2.5e-14,,Plotkin+2013,6.580723504847734e+33,1.8918586675601802e+33,1.8851919777357937e+33,,
58,GX_339-4,H,529,S,2013-06-18,17 02 49.3876391282,-48 47 23.087954552,0.1,"Gaia Collaboration 2020, Gaia",3.89e+21,16.297775,0.010303602,,-0.0256975988,3.0,0.1978951916,0.3803072626,0.006373864736,15.94316571,0.01271873204,4.92e-13,4.66e-15,,10.0,2.0,2.0,Zdziarski+2019,5.886756298881974e+33,1.665959418670959e+33,1.665959418670959e+33,,5.5e-13,2.83e-14,2.5e-14,,Plotkin+2013,6.580723504847734e+33,1.8918586675601802e+33,1.8851919777357937e+33,,
59,RXS_J170854.4-321857,Ks,649,S,2013-06-18,17 08 54.269,-32 19 57.13,0.6,"Zand+2005, Chandra",2.5e+21,18.293423,0.13936953,,-0.06203002205,0.0,0.1169019847,0.156424581,0.002621641022,18.19902891,0.1394259522,3.98e-14,5.11e-15,,13.0,2.0,2.0,Zand+2005,8.047865897873965e+32,2.033130076843739e+32,2.033130076843739e+32,,9e-12,1.8e-12,1.8e-12,,Thesis Bilal 2018,1.8198691728860726e+35,5.3782377276293925e+34,5.3782377276293925e+34,,
60,RXS_J170854.4-321857,H,659,S,2013-06-18,17 08 54.269,-32 19 57.13,0.6,"Zand+2005, Chandra",2.5e+21,18.287573,0.07103984,,-0.06100851219,1.0,0.1411616672,0.2444134078,0.004096314098,18.10416791,0.07120255606,6.72e-14,4.39e-15,,13.0,2.0,2.0,Zand+2005,1.3588356490882676e+33,3.0868291374799554e+32,3.0868291374799554e+32,,9e-12,1.8e-12,1.8e-12,,Thesis Bilal 2018,1.8198691728860726e+35,5.3782377276293925e+34,5.3782377276293925e+34,,
61,RXS_J170854.4-321857,H,664,S,2013-06-18,17 08 54.269,-32 19 57.13,0.6,"Zand+2005, Chandra",2.5e+21,18.188883,0.06768093,,-0.01989610356,1.0,0.1974702584,0.2444134078,0.004096314098,17.96436497,0.0679119633,7.64e-14,4.76e-15,,13.0,2.0,2.0,Zand+2005,1.5448667200943993e+33,3.496283737442575e+32,3.496283737442575e+32,,9e-12,1.8e-12,1.8e-12,,Thesis Bilal 2018,1.8198691728860726e+35,5.3782377276293925e+34,5.3782377276293925e+34,,
62,RXS_J170854.4-321857,J,674,S,2013-06-18,17 08 54.269,-32 19 57.13,0.6,"Zand+2005, Chandra",2.5e+21,18.665852,0.06609705,,-0.09239172772,3.0,0.2068092848,0.3938547486,0.006600917574,18.36438881,0.06647560235,7.2e-14,4.38e-15,,13.0,2.0,2.0,Zand+2005,1.4558953383088582e+33,3.28909836956419e+32,3.28909836956419e+32,,9e-12,1.8e-12,1.8e-12,,Thesis Bilal 2018,1.8198691728860726e+35,5.3782377276293925e+34,5.3782377276293925e+34,,
63,SLX_1735-269,Ks,739,S,2013-06-18,17 38 17.12 ,-26 59 38.6,0.6,"Wilson+2003, Chandra",3.73e+21,16.084038,0.0751064,,-0.06320470846,2.0,0.1590866425,0.2333854749,0.003911488405,15.91385612,0.07534443595,3.27e-13,2.26e-14,,6.0,1.2,1.2,Molkov+2004,1.408514129073955e+33,4.101089769465646e+32,4.101089769465646e+32,,5e-10,1e-10,1e-10,,Thesis Bilal 2018,2.1536913288592584e+36,7.460605610809533e+35,7.460605610809533e+35,,Detected counterpart has weird shape & Used low_lim = 12 for magnitude calibration because of bright sources 
64,SLX_1735-269,Ks,744,S,2013-06-18,17 38 17.12 ,-26 59 38.6,0.6,"Wilson+2003, Chandra",3.73e+21,15.754712,0.07972155,,-0.1814460524,3.0,0.164043003,0.2333854749,0.003911488405,15.70277271,0.07995582945,3.97e-13,2.91e-14,,6.0,1.2,1.2,Molkov+2004,1.710030915114251e+33,4.996476620560054e+32,4.996476620560054e+32,,5e-10,1e-10,1e-10,,Thesis Bilal 2018,2.1536913288592584e+36,7.460605610809533e+35,7.460605610809533e+35,,Detected counterpart has weird shape & Used low_lim = 12 for magnitude calibration because of bright sources 
65,SLX_1735-269,H,749,S,2013-06-18,17 38 17.12 ,-26 59 38.6,0.6,"Wilson+2003, Chandra",3.73e+21,16.752247,0.11561064,,-0.05847920319,3.0,0.327578877,0.3646648045,0.006111700634,16.44606136,0.1158504986,3.09e-13,3.29e-14,,6.0,1.2,1.2,Molkov+2004,1.3309812412350217e+33,4.022479685401711e+32,4.022479685401711e+32,,5e-10,1e-10,1e-10,,Thesis Bilal 2018,2.1536913288592584e+36,7.460605610809533e+35,7.460605610809533e+35,,Detected counterpart has weird shape & Used low_lim = 12 for magnitude calibration because of bright sources  & small astrometric offset
66,SLX_1735-269,H,754,S,2013-06-18,17 38 17.12 ,-26 59 38.6,0.6,"Wilson+2003, Chandra",3.73e+21,14.215842,0.09580809,,-2.146489341,3.0,0.3332486156,0.3646648045,0.006111700634,15.99766659,0.096188264,4.67e-13,4.13e-14,,6.0,1.2,1.2,Molkov+2004,2.0115477011545474e+33,5.961145268375316e+32,5.961145268375316e+32,,5e-10,1e-10,1e-10,,Thesis Bilal 2018,2.1536913288592584e+36,7.460605610809533e+35,7.460605610809533e+35,,"Detected counterpart has weird shape & Used low_lim = 12 for magnitude calibration because of bright sources  & small astrometric offset & initial systematic magnitude offset but seems fine after calibration with 2Mass, but still not sure if magnitude is reliable"
67,4U_1323-619,Ks,1014,S,2018-06-18,13 26 37.03,-62 08 08.88,0.6,"Gambino+2015, Chandra",1.17e+22,17.71125172,0.03334801742,,-0.05650803954,,0.1571277125,0.7320670391,0.01226927999,17.03569272,0.03570784627,1.16e-13,3.82e-15,,4.2,0.8,0.8,Gambino+2015,2.4483163026472053e+32,6.644227561164393e+31,6.644227561164393e+31,,1.43e-10,4e-12,3e-12,,Build swift XRT products,3.018183028263365e+35,8.173916843797855e+34,8.154819871245259e+34,,Applied psf
68,4U_1323-619,H,1020,S,2018-06-18,13 26 37.03,-62 08 08.88,0.6,"Gambino+2015, Chandra",1.17e+22,18.43248628,0.04643225571,,-0.04367074262,,0.1771816132,1.143854749,0.01917074998,17.33230228,0.05031812238,1.37e-13,6.34e-15,,4.2,0.8,0.8,Gambino+2015,2.8915459781264402e+32,7.903180400065613e+31,7.903180400065613e+31,,1.43e-10,4e-12,3e-12,,Build swift XRT products,3.018183028263365e+35,8.173916843797855e+34,8.154819871245259e+34,,Applied psf
69,4U_1708-40,Ks,1066,S,2018-06-19,17 12 23.83,-40 50 34.0,0.6,"Wilson+2003, Chandra",1.01e+22,16.466145,0.033352472,,-0.1109107518,1.0,0.1449167918,0.6319553073,0.01059142973,15.94509967,0.03519366632,3.17e-13,9.75e-15,,8.0,,,Migliari+2003,2.4274494266609243e+33,,,,2.7e-09,5e-10,3e-10,,Build swift XRT products,2.0675436757048882e+37,,,,
70,4U_1708-40,H,1071,S,2018-06-19,17 12 23.83,-40 50 34.0,0.6,"Wilson+2003, Chandra",1.01e+22,16.805809,0.03164833,,-0.2505341947,1.0,0.2036246166,0.9874301676,0.01654910895,16.06891291,0.03593440966,4.38e-13,1.28e-14,,8.0,,,Migliari+2003,3.354015296143485e+33,,,,2.7e-09,5e-10,3e-10,,Build swift XRT products,2.0675436757048882e+37,,,,
71,4U_1708-40,J,1076,S,2018-06-19,17 12 23.83,-40 50 34.0,0.6,"Wilson+2003, Chandra",1.01e+22,18.221867,0.04937905,,-0.1062858693,1.0,0.3023030532,1.591173184,0.026667707,16.73697852,0.05617574486,3.22e-13,1.47e-14,,8.0,,,Migliari+2003,2.465737272507311e+33,,,,2.7e-09,5e-10,3e-10,,Build swift XRT products,2.0675436757048882e+37,,,,Small astrometric offset
72,XTE_J1710-281,Ks,1051,S1,2018-06-19,17 10 12.532,-28 07 50.95,1.0,"Watson+2008, XMMN",2.31e+21,18.789946,0.0891971,,-0.07503025921,3.0,0.1545426907,0.1445363128,0.002422396305,18.72043866,0.08928609456,2.46e-14,2.02e-15,,16.0,,,Galloway+2008,7.535048062568926e+32,,,,8.4e-11,5e-12,4e-12,,Build swift XRT products,2.572943240877194e+36,,,,"Based on finding chart in Ratti, I think it is this one (S1), but not sure since second source in our finding chart is very nearby"
73,XTE_J1710-281,H,1056,S,2018-06-19,17 10 12.532,-28 07 50.95,1.0,"Watson+2008, XMMN",2.31e+21,18.95804333,0.2042964201,,-0.09915730628,0.0,0.209562283,0.2258379888,0.003784994226,18.83136265,0.2043961394,3.44e-14,6.47e-15,,16.0,,,Galloway+2008,1.053681517692565e+33,,,,8.4e-11,5e-12,4e-12,,Build swift XRT products,2.572943240877194e+36,,,,Applied psf
74,XTE_J1710-281,J,1061,S,2018-06-19,17 10 12.532,-28 07 50.95,1.0,"Watson+2008, XMMN",2.31e+21,19.70556791,0.02016710423,,-0.05029126929,3.0,0.219786549,0.3639217877,0.006099247839,19.39193739,0.02117074584,2.8e-14,5.45e-16,,16.0,,,Galloway+2008,8.576477469590647e+32,,,,8.4e-11,5e-12,4e-12,,Build swift XRT products,2.572943240877194e+36,,,,Applied psf
75,4U_1735-44,Ks,1143,S,2018-06-19,17 38 58.238405302,-44 27 00.699118812,0.1,"Gaia Collaboration 2020, Gaia",2.75e+21,16.201534,0.013292001,,-0.05813436063,2.0,0.3667796723,0.1720670391,0.002883805125,16.08760131,0.01461972043,2.78e-13,3.41e-15,,8.5,1.3,1.3,Galloway+2008,2.4032203992112572e+33,5.2063131922107074e+32,5.2063131922107074e+32,,4.11e-09,5e-12,5e-12,,Build swift XRT products,3.552962532646859e+37,7.684877014607214e+36,7.684877014607214e+36,,Astrometric offset
76,4U_1735-44,H,1148,S,2018-06-19,17 38 58.238405302,-44 27 00.699118812,0.1,"Gaia Collaboration 2020, Gaia",2.75e+21,16.425356,0.0092493035,,-0.01564851127,2.0,0.2227781787,0.2688547486,0.004505945507,16.17214905,0.01166434512,3.98e-13,3.39e-15,,8.5,1.3,1.3,Galloway+2008,3.4405817226118003e+33,7.447453364189173e+32,7.447453364189173e+32,,4.11e-09,5e-12,5e-12,,Build swift XRT products,3.552962532646859e+37,7.684877014607214e+36,7.684877014607214e+36,,Astrometric offset
77,4U_1735-44,J,1153,S,2018-06-19,17 38 58.238405302,-44 27 00.699118812,0.1,"Gaia Collaboration 2020, Gaia",2.75e+21,16.829361,0.009045875,,-0.06538238603,3.0,0.278722783,0.4332402235,0.007261009332,16.46150274,0.01217597917,4.16e-13,3.46e-15,,8.5,1.3,1.3,Galloway+2008,3.5961859211218814e+33,7.78399277630734e+32,7.78399277630734e+32,,4.11e-09,5e-12,5e-12,,Build swift XRT products,3.552962532646859e+37,7.684877014607214e+36,7.684877014607214e+36,,Astrometric offset
78,GS_1826-24,Ks,1200,S13,2018-06-19,18 29 28.2,-23 47 49.1,2.0,"Barret+1995, ESO-MPI",2.01e+21,16.57616648,0.01303028876,,-0.06908900842,,0.2181939118,0.1257653631,0.002107799382,16.51949012,0.01363393306,1.87e-13,2.35e-15,,5.7,0.2,0.2,Chenevez+2016 ,7.269462026865099e+32,3.7210995633014964e+31,3.7210995633014964e+31,,4.75e-09,1e-11,1e-11,,Build swift XRT products,1.8465211030807068e+37,9.170962695428615e+35,9.170962695428615e+35,,Applied psf
79,GS_1826-24,H,1205,S13,2018-06-19,18 29 28.2,-23 47 49.1,2.0,"Barret+1995, ESO-MPI",2.01e+21,16.64431853,0.004711686146,,-0.06127089225,,0.2116501705,0.1965083799,0.003293436534,16.50908105,0.006263001915,2.92e-13,1.68e-15,,5.7,0.2,0.2,Chenevez+2016 ,1.1351245517885609e+33,5.670396494069895e+31,5.670396494069895e+31,,4.75e-09,1e-11,1e-11,,Build swift XRT products,1.8465211030807068e+37,9.170962695428615e+35,9.170962695428615e+35,,Applied psf
80,GS_1826-24,J,1210,S10,2018-06-19,18 29 28.2,-23 47 49.1,2.0,"Barret+1995, ESO-MPI",2.01e+21,17.16407889,0.01126970434,,-0.09651794119,,0.2726869918,0.3166592179,0.00530713773,16.94393761,0.01262569574,2.66e-13,3.1e-15,,5.7,0.2,0.2,Chenevez+2016 ,1.0340518177251957e+33,5.2707386753615e+31,5.2707386753615e+31,,4.75e-09,1e-11,1e-11,,Build swift XRT products,1.8465211030807068e+37,9.170962695428615e+35,9.170962695428615e+35,,Applied psf
81,Ser_X-1,Ks,1185,S,2018-06-19,18 39 57.557,5 2 9.5,0.14,"Migliari+2004, VLA",4.4e+21,16.56634533,0.007443161497,,-0.03502388446,,0.1137376243,0.2753072626,0.004614088199,16.32606195,0.01009616731,2.23e-13,2.08e-15,,10.0,1.1,1.1,Galloway+2008,2.668184257420082e+33,4.1581748729440914e+32,4.1581748729440914e+32,,1.03e-08,5e-11,5e-11,,Build swift XRT products,1.2323900381805757e+38,1.918082167381216e+37,1.918082167381216e+37,,"Applied psf because: I am not sure of our detection is correct, it seems blended. should be the left source according to finder chart here"
82,Ser_X-1,H,1190,S,2018-06-19,18 39 57.557,5 2 9.5,0.14,"Migliari+2004, VLA",4.4e+21,16.93084233,0.008927016663,,-0.09750055791,,0.1167365331,0.4301675978,0.007209512812,16.59817529,0.01223151688,2.69e-13,3.03e-15,,10.0,1.1,1.1,Galloway+2008,3.2185720414618924e+33,5.020031107176591e+32,5.020031107176591e+32,,1.03e-08,5e-11,5e-11,,Build swift XRT products,1.2323900381805757e+38,1.918082167381216e+37,1.918082167381216e+37,,Applied psf 
83,Ser_X-1,J,1195,S,2018-06-19,18 39 57.557,5 2 9.5,0.14,"Migliari+2004, VLA",4.4e+21,17.45843026,0.009733402953,,-0.05354117372,,0.12163184,0.6931843575,0.01161761493,16.81878707,0.01543603283,2.99e-13,4.25e-15,,10.0,1.1,1.1,Galloway+2008,3.5775205962717686e+33,5.588499318509708e+32,5.588499318509708e+32,,1.03e-08,5e-11,5e-11,,Build swift XRT products,1.2323900381805757e+38,1.918082167381216e+37,1.918082167381216e+37,,Applied psf
84,XTE_J1637-498,H,3694,S,2014-05-10,16 37 2.66 ,-49 51 40.0,0.16,"Curran+2011, EFOSC2/NTT",7.36e+21,13.735894,0.0074312347,,-0.4197052215,3.0,0.2126221516,0.7195530726,0.0120595487,13.43604652,0.0146752539,4.95e-12,3.39e-14,,8.0,,,,3.7904967387922947e+34,,,,,,,,,,,,,Small systematic magnitude offset but seems fixed with calibration
85,XTE_J1637-498,Ks,3703,S,2014-05-10,16 37 2.66 ,-49 51 40.0,0.16,"Curran+2011, EFOSC2/NTT",7.36e+21,13.616517,0.0061454345,,-0.08818684327,3.0,0.2829191941,0.4605139665,0.00771811117,13.24419032,0.01036527364,3.82e-12,2.16e-14,,8.0,,,,2.9251914226639527e+34,,,,,,,,,,,,,Small astrometric offset
86,4U_1626-67,Ks,1036,S,2018-06-19,16 32 16.7,-67 27 40.3,1.0,"Watson+2008, XMMN",9.6e+20,18.491129,0.061269343,,-0.01652955061,0.0,0.05515766069,0.06006703911,0.001006710153,18.44759097,0.06148720374,3.17e-14,1.79e-15,,9.0,4.0,4.0,Chakrabarty 1998,3.072240680617732e+32,1.938801096825239e+32,1.938801096825239e+32,,3.69e-10,2.4e-12,2.4e-12,,Build swift XRT products,3.576204451570799e+36,2.247905603203234e+36,2.247905603203234e+36,,"Correct position was hard to find, but in the end I used this position and I think it gives the correct source based on finder chart in this article. "
87,4U_1626-67,H,1041,S,2018-06-19,16 32 16.7,-67 27 40.3,1.0,"Watson+2008, XMMN",9.6e+20,18.58377,0.035732053,,-0.04051843528,0.0,0.105098883,0.0938547486,0.001572984613,18.53043381,0.03597138723,4.54e-14,1.49e-15,,9.0,4.0,4.0,Chakrabarty 1998,4.399991384859465e+32,2.769335284127602e+32,2.769335284127602e+32,,3.69e-10,2.4e-12,2.4e-12,,Build swift XRT products,3.576204451570799e+36,2.247905603203234e+36,2.247905603203234e+36,,"Correct position was hard to find, but in the end I used this position and I think it gives the correct source based on finder chart in this article. "
88,4U_1626-67,J,1046,S,2018-06-19,16 32 16.7,-67 27 40.3,1.0,"Watson+2008, XMMN",9.6e+20,18.773262,0.028630024,,-0.03052820317,0.0,0.09760200779,0.1512402235,0.002534752349,18.65255082,0.02888601079,5.52e-14,1.46e-15,,9.0,4.0,4.0,Chakrabarty 1998,5.349769260886398e+32,3.365516382222543e+32,3.365516382222543e+32,,3.69e-10,2.4e-12,2.4e-12,,Build swift XRT products,3.576204451570799e+36,2.247905603203234e+36,2.247905603203234e+36,,"Correct position was hard to find, but in the end I used this position and I think it gives the correct source based on finder chart in this article. "
89,Swift_J1357.2-0933,Ks,51,S,2013-06-16,13 57 16.8357790011,-09 32 38.796487512,0.1,"Gaia Collaboration 2020, Gaia",2.85e+20,18.432451,0.13484804,,-0.001368286192,0.0,0.4629060234,0.01783240223,0.0002988670766,18.41598641,0.1355453854,3.26e-14,4.05e-15,,4.3,2.0,2.0,"lower limit: Sánchez+2015, upper limit: Shahbaz+2013",7.212161872565613e+31,4.827841716591684e+31,4.827841716591684e+31,,3.2e-15,1.1e-15,7e-16,,Armas Padilla+2014,7.079422696996921e+30,5.254202199098846e+30,4.907413066258426e+30,,Did astronomy with GDR3 sources within 5' instead of 1' because very empty field so otherwise astrometry determined by only ~3 GDR sources 
90,Swift_J1357.2-0933,Ks,80,S,2013-06-16,13 57 16.8357790011,-09 32 38.796487512,0.1,"Gaia Collaboration 2020, Gaia",2.85e+20,18.425894,0.26172763,,-0.1177298765,0.0,0.4708121587,0.01783240223,0.0002988670766,18.52579057,0.2628508796,2.95e-14,7.1e-15,,4.3,2.0,2.0,"lower limit: Sánchez+2015, upper limit: Shahbaz+2013",6.526342798794037e+31,4.571199719535508e+31,4.571199719535508e+31,,3.2e-15,1.1e-15,7e-16,,Armas Padilla+2014,7.079422696996921e+30,5.254202199098846e+30,4.907413066258426e+30,,Did astronomy with GDR3 sources within 5' instead of 1' because very empty field so otherwise astrometry determined by only ~3 GDR sources 
91,Swift_J1357.2-0933,Ks,85,S,2013-06-16,13 57 16.8357790011,-09 32 38.796487512,0.1,"Gaia Collaboration 2020, Gaia",2.85e+20,18.097456,0.040253397,,-0.04129563419,0.0,0.3315738072,0.01783240223,0.0002988670766,18.12091958,0.04116262538,4.28e-14,1.59e-15,,4.3,2.0,2.0,"lower limit: Sánchez+2015, upper limit: Shahbaz+2013",9.468727857233381e+31,6.23820598152538e+31,6.23820598152538e+31,,3.2e-15,1.1e-15,7e-16,,Armas Padilla+2014,7.079422696996921e+30,5.254202199098846e+30,4.907413066258426e+30,,Did astronomy with GDR3 sources within 5' instead of 1' because very empty field so otherwise astrometry determined by only ~3 GDR sources 
92,Swift_J1357.2-0933,H,96,S,2013-06-16,13 57 16.8357790011,-09 32 38.796487512,0.1,"Gaia Collaboration 2020, Gaia",2.85e+20,18.5618,0.028427843,,-0.005204427086,0.0,0.3088045211,0.02786312849,0.0004669798071,18.53914203,0.03188534827,4.5e-14,1.18e-15,,4.3,2.0,2.0,"lower limit: Sánchez+2015, upper limit: Shahbaz+2013",9.95543816765192e+31,6.553627297448083e+31,6.553627297448083e+31,,3.2e-15,1.1e-15,7e-16,,Armas Padilla+2014,7.079422696996921e+30,5.254202199098846e+30,4.907413066258426e+30,,Did astronomy with GDR3 sources within 5' instead of 1' because very empty field so otherwise astrometry determined by only ~3 GDR sources 
93,Swift_J1357.2-0933,J,488,S,2013-06-18,13 57 16.8357790011,-09 32 38.796487512,0.1,"Gaia Collaboration 2020, Gaia",2.85e+20,19.675623,0.1280753,,-0.05105094704,0.0,0.4014769557,0.04489944134,0.0007525046035,19.68177368,0.1283591066,2.14e-14,2.52e-15,,4.3,2.0,2.0,"lower limit: Sánchez+2015, upper limit: Shahbaz+2013",4.734363928616691e+31,3.1636499822461037e+31,3.1636499822461037e+31,,3.2e-15,1.1e-15,7e-16,,Armas Padilla+2014,7.079422696996921e+30,5.254202199098846e+30,4.907413066258426e+30,,Did astronomy with GDR3 sources within 5' instead of 1' because very empty field so otherwise astrometry determined by only ~3 GDR sources 
94,Swift_J1357.2-0933,Ks,514,S,2013-06-18,13 57 16.8357790011,-09 32 38.796487512,0.1,"Gaia Collaboration 2020, Gaia",2.85e+20,18.06599,0.028959798,,-0.03978332185,0.0,0.3472877223,0.01783240223,0.0002988670766,18.08794152,0.03412304309,4.41e-14,1.18e-15,,4.3,2.0,2.0,"lower limit: Sánchez+2015, upper limit: Shahbaz+2013",9.756329404298883e+31,6.4227648437420395e+31,6.4227648437420395e+31,,3.2e-15,1.1e-15,7e-16,,Armas Padilla+2014,7.079422696996921e+30,5.254202199098846e+30,4.907413066258426e+30,,Did astronomy with GDR3 sources within 5' instead of 1' because very empty field so otherwise astrometry determined by only ~3 GDR sources 
95,2E_17467-3225,Ks,779,S,2013-06-18,17 50 3.95,-32 25 50.1,0.6,"Wilson+2003, Chandra",5.01e+21,16.75866,0.109421596,,-0.1678241116,0.0,0.1978076442,0.3134748603,0.005253768609,16.61300829,0.109667323,1.72e-13,1.73e-14,,8.0,,,,1.3171018971157063e+33,,,,2.7e-11,6e-12,6e-12,,Wilson+2003,2.067543675704888e+35,,,,Used low_lim = 12 for magnitude calibration because of bright sources & astrometric offset
96,2E_17467-3225,Ks,784,S,2013-06-18,17 50 3.95,-32 25 50.1,0.6,"Wilson+2003, Chandra",5.01e+21,17.113762,0.09440003,,-0.06337206003,0.0,0.2528504266,0.3134748603,0.005253768609,16.8636587,0.09469782574,1.36e-13,1.18e-14,,8.0,,,,1.0414294070217214e+33,,,,2.7e-11,6e-12,6e-12,,Wilson+2003,2.067543675704888e+35,,,,Used low_lim = 12 for magnitude calibration because of bright sources & astrometric offset
97,2E_17467-3225,H,789,,2013-06-18,17 50 3.95,-32 25 50.1,0.6,"Wilson+2003, Chandra",5.01e+21,,,17.33864478,-0.1909734844,,0.1545469211,0.4898044693,0.008209013452,,,,,1.359466153489975e-13,8.0,,,,,,,1.041020610364092e+33,2.7e-11,6e-12,6e-12,,Wilson+2003,2.067543675704888e+35,,,,Maybe can use psf because there is something like a source visible. Used low_lim = 12 for magnitude calibration because of bright sources & astrometric offset
98,4U_1915-05,H,1220,S,2018-06-19,19 18 47.871 ,-05 14 17.09,0.6,"Iaria+2006, Chandra",2.34e+21,19.485819,0.07621386,,-0.0148021154,3.0,0.2020794146,0.2287709497,0.003834149995,19.27185085,0.07644122589,2.29e-14,1.61e-15,,8.9,1.3,1.3,Galloway+2008,2.1703333803554273e+32,4.735818027744737e+31,4.735818027744737e+31,,5.93e-10,5e-12,4e-12,,Build swift XRT products,5.620120936902919e+36,1.1619180184708073e+36,1.1615700947895318e+36,,
99,4U_1915-05,J,1225,S,2018-06-19,19 18 47.871 ,-05 14 17.09,0.6,"Iaria+2006, Chandra",2.34e+21,19.588903,0.05935695,,-0.03488622097,3.0,0.1021670563,0.3686480447,0.00617845885,19.25514079,0.05972768939,3.17e-14,1.73e-15,,8.9,1.3,1.3,Galloway+2008,3.00434795446581e+32,6.419027984289064e+31,6.419027984289064e+31,,5.93e-10,5e-12,4e-12,,Build swift XRT products,5.620120936902919e+36,1.1619180184708073e+36,1.1615700947895318e+36,,
100,RXS_J180408.9-342058,H,804,S,2013-06-18,18 4 8.371,-34 20 51.38,0.5,"Baglio+2015, EFOSC2",1.94e+21,19.503082,0.20254214,,-0.04281412768,1.0,0.3361121749,0.1896648045,0.00317873974,19.35623173,0.2025890609,2.12e-14,3.95e-15,,5.8,,,Chenevez+2012,8.533020764554997e+31,,,,,,,,,,,,,Small astrometric offset
101,RXS_J180408.9-342058,Ks,814,S,2013-06-18,18 4 8.371,-34 20 51.38,0.5,"Baglio+2015, EFOSC2",1.94e+21,18.62325,0.18475345,,-0.07580345107,3.0,0.3011480258,0.1213854749,0.002034393433,18.57766734,0.1847922998,2.81e-14,4.78e-15,,5.8,,,Chenevez+2012,1.1310277522829972e+32,,,,,,,,,,,,,Small astrometric offset
102,RXS_J180408.9-342058,Ks,1160,S,2018-06-19,18 4 8.371,-34 20 51.38,0.5,"Baglio+2015, EFOSC2",1.94e+21,19.378094,0.21016692,,-0.06862028175,1.0,0.307716876,0.1213854749,0.002034393433,19.32532893,0.2102186646,1.41e-14,2.73e-15,,5.8,,,Chenevez+2012,5.675263810387993e+31,,,,,,,,,,,,,"Small astrometric offset, little bit blended perhaps"
103,RXS_J180408.9-342058,H,1165,,2018-06-19,18 4 8.371,-34 20 51.38,0.5,"Baglio+2015, EFOSC2",1.94e+21,,,19.41325573,-0.06179437058,,0.2182411499,0.1896648045,0.00317873974,,,,,2.0115184459039735e-14,5.8,,,Chenevez+2012,,,,8.096381446784906e+31,,,,,,,,,,
104,MAXI_J0556-332,H,2800,S,2014-05-07,05 56 46.3,-33 10 26.3,0.5,"Coriat+2011, ACTA",2.65e+20,19.272583,0.06301315,,-0.04212800133,0.0,0.2656927252,0.02590782123,0.0004342092943,19.2888028,0.06528845491,2.26e-14,1.31e-15,,46.0,15.0,15.0,Homan+2014,5.721831402898661e+33,2.6594226720471734e+33,2.6594226720471734e+33,,3e-14,2e-14,2e-14,,Thesis Bilal 2018,7.595351419776984e+33,6.156967503779922e+33,6.156967503779922e+33,,Did astronomy with GDR3 sources within 5' instead of 1' because very empty field so otherwise astrometry determined by only ~3 GDR sources 
105,MAXI_J0556-332,Ks,2809,S,2014-05-07,05 56 46.3,-33 10 26.3,0.5,"Coriat+2011, ACTA",2.65e+20,19.04228,0.07614971,,0.01237944321,0.0,0.2981387434,0.01658100559,0.0002778939484,19.0133205,0.07960632379,1.88e-14,1.32e-15,,46.0,15.0,15.0,Homan+2014,4.759753556393576e+33,2.220287231246047e+33,2.220287231246047e+33,,3e-14,2e-14,2e-14,,Thesis Bilal 2018,7.595351419776984e+33,6.156967503779922e+33,6.156967503779922e+33,,Did astronomy with GDR3 sources within 5' instead of 1' because very empty field so otherwise astrometry determined by only ~3 GDR sources 
106,RXS_J171824.2-402934,Ks,246,S,2013-06-17,17 18 24.144,-40 29 33.04,0.6,"t Zand+2005, Chandra",6.68e+21,19.06843282,0.2,18.2803005,-0.1152024719,,0.1964688843,0.4179664804,0.007005024812,18.76566881,0.2001668893,2.36e-14,4.35e-15,3.693551098005436e-14,9.0,,,"t Zand+2005, Chandra",2.2872201912485322e+32,,,3.579646037612805e+32,1.5e-11,5e-12,5e-12,,Thesis Bilal 2018,1.4537416469799994e+35,,,,Applied PSF but did not return error
107,RXS_J171824.2-402934,H,256,,2013-06-17,17 18 24.144,-40 29 33.04,0.6,"t Zand+2005, Chandra",6.68e+21,,,18.10829136,-0.07997835186,,0.256887114,0.6530726257,0.01094535127,,,,,6.69128868867547e-14,9.0,,,"t Zand+2005, Chandra",,,,6.484936692462478e+32,1.5e-11,5e-12,5e-12,,Thesis Bilal 2018,1.4537416469799994e+35,,,,Maybe there is a source like in finderchart here but blended -> no not visible with PSF
108,RXS_J171824.2-402934,J,271,,2013-06-17,17 18 24.144,-40 29 33.04,0.6,"t Zand+2005, Chandra",6.68e+21,,,18.74920245,-0.06861976538,,0.2661379611,1.052379888,0.01763765176,,,,,5.052720598299371e-14,9.0,,,"t Zand+2005, Chandra",,,,4.896900242867664e+32,1.5e-11,5e-12,5e-12,,Thesis Bilal 2018,1.4537416469799994e+35,,,,Maybe there is a source like in finderchart here but blended -> no not visible with PSF
109,Swift_J1922.7-1716,Ks,296,,2013-06-17,19 22 37.00,-17 17 1.1,0.61,"Barthelmy+2011, UVOT",7.38e+20,,,20.36759605,-0.04508978529,,0.03045142284,0.04617653631,0.0007739084298,,,,,5.4016431710569736e-15,4.8,,,Degenaar+2012,,,,1.4890844235644456e+31,,,,,,,,,,
110,Swift_J1922.7-1716,H,306,,2013-06-17,19 22 37.00,-17 17 1.1,0.61,"Barthelmy+2011, UVOT",7.38e+20,,,21.0688995,-0.07854922081,,0.0432194421,0.07215083799,0.001209231922,,,,,4.377906797041071e-15,4.8,,,Degenaar+2012,,,,1.2068684681396945e+31,,,,,,,,,,Noisy
111,Swift_J1922.7-1716,H,849,,2013-06-18,19 22 37.00,-17 17 1.1,0.61,"Barthelmy+2011, UVOT",7.38e+20,,,21.18076741,-0.03949304603,,0.03845015111,0.07215083799,0.001209231922,,,,,3.949292927362406e-15,4.8,,,Degenaar+2012,,,,1.088711415396558e+31,,,,,,,,,,There is a source detected inside and near the edge of the larger XRT error circle with magnitude 21.24877 (see finder chart) but we assume this is not our source since it is far from the UVOT position.
112,SAX_J1712.6-3739,J,619,,2013-06-18,17 12 36.77,-37 38 41.028,0.6,"Wiersema+2009, Chandra",1.13e+22,,,17.70576897,-0.0770733905,,0.1472230222,1.780223464,0.02983614744,,,,,1.3209874012298986e-13,7.0,,,Cocchi+2001,,,,7.744719803694265e+32,2.5e-09,1e-09,1e-09,,Thesis Bilal 2018,1.465706598806995e+37,,,,S1 and S2 are named here in accordance with this paper 
113,SAX_J1712.6-3739,H,634,S1,2013-06-18,17 12 36.77,-37 38 41.028,0.6,"Wiersema+2009, Chandra",1.13e+22,16.985981,0.12083173,,-1.972387419,0.0,0.1929816806,1.104748603,0.01851533972,18.25067628,0.1800207958,5.87e-14,9.68e-15,,7.0,,,Cocchi+2001,3.4414790939988245e+32,,,,2.5e-09,1e-09,1e-09,,Thesis Bilal 2018,1.465706598806995e+37,,,,systematic magnitude offset but is fixed with calibration
114,SAX_J1712.6-3739,Ks,644,S1,2013-06-18,17 12 36.77,-37 38 41.028,0.6,"Wiersema+2009, Chandra",1.13e+22,17.231106,0.15447854,,-1.073304717,0.0,0.1377123385,0.7070391061,0.01184981742,17.59737183,0.1549996982,6.93e-14,9.86e-15,,7.0,,,Cocchi+2001,4.0629386918929904e+32,,,,2.5e-09,1e-09,1e-09,,Thesis Bilal 2018,1.465706598806995e+37,,,,systematic magnitude offset but is fixed with calibration
115,MAXI_J1421-613,Ks,3675,,2014-05-10,14 21 37.2,-61 36 25.4,0.3,"Coriat+2014, ACTA",1.66e+22,,,18.28987014,-0.05212641034,,0.2124971315,1.038659218,0.01740769639,,,,,3.661139318948344e-14,3.0,,,Nobukawa+2020,,,,3.9424820024823693e+31,,,,8.1e-14,Chakrabarty+2014,,,,8.722449881879995e+31,2 other sources within XRT error circle but not within ACTA error circle
116,MAXI_J1421-613,H,3684,,2014-05-10,14 21 37.2,-61 36 25.4,0.3,"Coriat+2014, ACTA",1.66e+22,,,18.48199152,-0.03962194253,,0.3187259825,1.622905028,0.02719952561,,,,,4.74274422035694e-14,3.0,,,Nobukawa+2020,,,,5.107203551190052e+31,,,,8.1e-14,Chakrabarty+2014,,,,8.722449881879995e+31,
117,SAX_J1806.5-2215,Ks,729,S,2013-06-18,18 06 32.177,-22 14 17.20,0.6,"Chakrabarty+2011, Chandra",9.97e+21,17.85493,0.1640725,,-0.1498871037,0.0,0.1217522666,0.6238212291,0.0104551044,17.38099673,0.1644635352,8.46e-14,1.28e-14,,8.0,,,Cornelisse+2002,6.478303517208649e+32,,,,3.5e-09,7e-10,7e-10,,Thesis Bilal 2018,2.680149209247077e+37,,,,
118,SAX_J1806.5-2215,Ks,734,S,2013-06-18,18 06 32.177,-22 14 17.20,0.6,"Chakrabarty+2011, Chandra",9.97e+21,-8.11128,0.13127564,,-26.04319397,0.0,0.1517967536,0.6238212291,0.0104551044,17.30809215,0.1317681725,9.04e-14,1.09e-14,,8.0,,,Cornelisse+2002,6.922442529026737e+32,,,,3.5e-09,7e-10,7e-10,,Thesis Bilal 2018,2.680149209247077e+37,,,,Initially very large magnitude offset but seems fixed after 2MASS calibration
119,SAX_J1806.5-2215,Ks,3433,S,2014-05-09,18 06 32.177,-22 14 17.20,0.6,"Chakrabarty+2011, Chandra",9.97e+21,13.29678744,0.2,,-4.327904689,1.0,0.1756860871,0.6238212291,0.0104551044,17.0008709,0.2,1.2e-13,2.21e-14,,8.0,,,Cornelisse+2002,9.189083003132836e+32,,,,3.5e-09,7e-10,7e-10,,Thesis Bilal 2018,2.680149209247077e+37,,,,Applied psf but returned no error so took 0.2 as error & Magnitude offset but fixed after 2MASS calibration
120,XTE_J1728-295,Ks,3784,,2014-05-10,17 28 38.853,-29 21 43.181,0.15,"Van den Eijnden+2019, VLA",4.49e+21,,,17.63468416,-0.1300814387,,0.2014702913,0.2809385475,0.004708467276,,,,,6.694076136573206e-14,8.0,,,,,,,5.1260351040218305e+32,,,,,,,,,,
121,XTE_J1901+014,Ks,3803,,2014-05-10,19 1 40.2 ,1 26 26.5,0.64,"Karasev+2012, Chandra",8.49e+21,,,19.39027184,-0.05003659848,,0.06984542922,0.5312178771,0.008903092912,,,,,1.3287876271966864e-14,8.0,,,,,,,1.0175283166538569e+32,1.01e-10,,,,Karasev+2008,7.734144860970137e+35,,,,
122,GX_9+9,Ks,1128,S2,2018-06-19,17 31 44.17464,-16 57 40.8852,1.0,"Cutri+2003, 2MASS",1.9e+21,14.16522,0.004716806,,-0.03058549083,3.0,0.2151402044,0.1188826816,0.001992447177,14.07692287,0.007736478678,1.77e-12,7.7e-15,,10.0,,,Savolainen+2008,2.117796473378271e+34,,,,9.29e-09,2.5e-11,2.5e-11,,Build swift XRT products,1.1115440247279175e+38,,,,
123,GX_9+9,H,1133,S2,2018-06-19,17 31 44.17464,-16 57 40.8852,1.0,"Cutri+2003, 2MASS",1.9e+21,14.299405,0.0032916737,,0.02248540416,3.0,0.2718857868,0.1857541899,0.003113198714,14.09116517,0.007979178073,2.71e-12,8.2e-15,,10.0,,,Savolainen+2008,3.2425019451158837e+34,,,,9.29e-09,2.5e-11,2.5e-11,,Build swift XRT products,1.1115440247279175e+38,,,,
124,GX_9+9,J,1138,S2,2018-06-19,17 31 44.17464,-16 57 40.8852,1.0,"Cutri+2003, 2MASS",1.9e+21,14.78176,0.0034352895,,-0.02657166192,3.0,0.2953529767,0.2993296089,0.005016697357,14.50900188,0.006989385784,2.51e-12,7.94e-15,,10.0,,,Savolainen+2008,3.0032029085759664e+34,,,,9.29e-09,2.5e-11,2.5e-11,,Build swift XRT products,1.1115440247279175e+38,,,,
125,4U_1702-429,Ks,1096,S,2018-06-19,17 06 15.314,-43 02 08.69,0.6,"Wachter+2005, Chandra",9.95e+21,16.90177542,0.009477545574,,-0.177707433,,0.196483261,0.6225698324,0.01043413127,16.45691302,0.01449229989,1.98e-13,2.64e-15,,5.46,0.19,0.19,Galloway+2008,7.062548286136272e+32,3.600967405422991e+31,3.600967405422991e+31,,2.02e-09,2.6e-11,2.6e-11,,Build swift XRT products,7.205226029290541e+36,3.665149175775631e+35,3.665149175775631e+35,,Applied psf
126,4U_1702-429,H,1102,S,2018-06-19,17 06 15.314,-43 02 08.69,0.6,"Wachter+2005, Chandra",9.95e+21,17.55600686,0.2,,-0.2386764269,,0.1763535398,0.9727653631,0.01630333011,16.82191792,0.2,2.19e-13,4.03e-14,,5.46,0.19,0.19,Galloway+2008,7.811606437696181e+32,1.487995136236793e+32,1.487995136236793e+32,,2.02e-09,2.6e-11,2.6e-11,,Build swift XRT products,7.205226029290541e+36,3.665149175775631e+35,3.665149175775631e+35,,Applied psf. fit does not look great. no error returned so took error of 0.2 
127,4U_1702-429,J,1108,S,2018-06-19,17 06 15.314,-43 02 08.69,0.6,"Wachter+2005, Chandra",9.95e+21,18.95134346,0.03104358061,,-0.06078711479,,0.1927876064,1.567541899,0.02627165195,17.44458867,0.04072530327,1.68e-13,6.3e-15,,5.46,0.19,0.19,Galloway+2008,5.992465212479261e+32,3.7076491969273796e+31,3.7076491969273796e+31,,2.02e-09,2.6e-11,2.6e-11,,Build swift XRT products,7.205226029290541e+36,3.665149175775631e+35,3.665149175775631e+35,,Applied psf
